"Reina","Olson","opaucek@gmail.com","724.772.5059"
"Marquise","Corkery","maribel31@reilly.com","857-749-6124"
"Samara","Fay","gibson.eliezer@hotmail.com","534-237-5685"
"Omer","Windler","msteuber@gmail.com","12166241429"
"Tyree","Heidenreich","ronaldo.kohler@kulas.com","+1.954.232.3962"
"Pearlie","Sporer","dward@kuphal.biz","1-678-612-1335"
"Justyn","Konopelski","lesch.francesca@hirthe.net","+1-463-631-4441"
"Nona","O'Reilly","ottis58@kiehn.info","(947) 930-5391"
"Reinhold","Von","arnulfo.casper@reichert.com","+1-680-447-9594"
"Charlie","Dicki","eabbott@hotmail.com","+1-351-754-9916"
"Glen","Howell","gkoelpin@hotmail.com","469-980-1461"
"Kaylah","Hoeger","mayer.karen@tremblay.com","941-840-1567"
"Dusty","Ondricka","heloise93@torphy.com","1-234-679-1499"
"Rylan","Kub","noemie.baumbach@yahoo.com","206-938-1539"
"Angelita","Emard","alene.bradtke@dach.com","+1.404.648.7077"
"Ida","Ledner","elyse04@volkman.com","(820) 758-2574"
"Tamia","Rodriguez","harris.tressie@schultz.com","559-215-5076"
"Aurelia","Grant","ellis.fahey@gmail.com","863.905.5200"
"Caroline","Bogisich","kassulke.marty@stracke.com","+1-478-960-3733"
"Christa","Prosacco","green.timmothy@hotmail.com","(820) 215-8635"
"Carroll","Bins","marianne.legros@runte.net","1-614-879-6249"
"Cade","Toy","mathew.bartell@hotmail.com","607-821-4011"
"Domenic","Crist","nlubowitz@hotmail.com","586.605.3737"
"Allene","Abernathy","deron.dicki@strosin.com","321-606-4465"
"Shirley","Murphy","mckenzie.fritz@gmail.com","239.273.8658"
"Addison","Bahringer","lockman.kelsi@heidenreich.com","+1 (484) 826-8142"
"Clovis","Mosciski","ostreich@hotmail.com","(820) 434-2431"
"Lupe","Jerde","lkris@yahoo.com","+1.405.701.0216"
"Jedidiah","Ruecker","gswift@gmail.com","551.284.6741"
"Wilburn","Durgan","damien.glover@hotmail.com","+1 (559) 574-5479"
"Randal","Weissnat","mnitzsche@yahoo.com","1-203-375-7693"
"Ines","Kuhn","pmiller@yahoo.com","15756568506"
"Krystina","Schaefer","zfahey@yahoo.com","352-481-9018"
"Sylvan","Gutkowski","gerlach.lemuel@hotmail.com","(605) 271-7319"
"Diamond","Balistreri","aleen70@lebsack.com","281-620-0466"
"Dell","Auer","cbechtelar@yahoo.com","+1.309.479.4944"
"Adolph","Jacobs","johnpaul.kling@kling.net","1-520-867-4100"
"Rosalind","Mraz","nkihn@yahoo.com","310.995.2529"
"Tara","Rutherford","paucek.louvenia@fisher.com","(564) 682-9490"
"Annabell","Hodkiewicz","ofelia21@gmail.com","1-770-541-3246"
"Mable","DuBuque","brown.rickie@yahoo.com","+1.763.850.2810"
"Era","Donnelly","bsatterfield@blick.com","13474189545"
"Mia","Crooks","willow96@pagac.com","1-240-923-3039"
"Guy","Vandervort","dooley.luz@gmail.com","858-425-7904"
"Donnell","Hettinger","carolina02@skiles.info","1-541-569-1510"
"Dominique","Parisian","reba.schuster@kuhic.com","1-539-494-7281"
"Melba","Windler","uhermiston@yahoo.com","520.484.2569"
"Jimmy","Muller","anderson.yost@armstrong.com","1-947-984-5093"
"Laura","Schaden","devon.parker@gmail.com","1-315-809-1519"
"Kaia","Borer","kmorar@labadie.com","+1 (484) 677-9039"
"Effie","Maggio","janick.schaden@hagenes.com","619.208.1907"
"Sam","Botsford","brant21@gmail.com","(256) 501-0393"
"Johnnie","Turcotte","reichert.lincoln@gmail.com","+1.980.864.5777"
"Imani","Aufderhar","orion30@hotmail.com","281.957.4482"
"Samir","Champlin","kelli74@treutel.info","765.891.8484"
"Vella","Simonis","hunter25@hotmail.com","1-283-949-9856"
"Hector","Bailey","thalvorson@hotmail.com","870.670.6373"
"Ocie","Wunsch","jillian61@hand.com","+1-484-997-9376"
"Felton","Lynch","logan43@wolff.org","1-954-495-7950"
"Sonia","Glover","jaylen.reynolds@mraz.info","703.250.0908"
"Jayson","Weissnat","izaiah16@wisoky.com","(628) 583-7334"
"Cecilia","Robel","noemie.lebsack@swift.com","405.627.9529"
"Curtis","Davis","velva80@gusikowski.com","954.819.9769"
"Cicero","Jast","keebler.octavia@oconnell.info","(775) 865-5220"
"Janie","Swift","mgislason@gmail.com","(351) 895-6896"
"Jaycee","Hauck","brekke.marcelo@yahoo.com","1-786-864-0935"
"Kariane","Goodwin","deon26@gmail.com","+1 (660) 784-3958"
"Kiana","Feeney","wuckert.abdiel@welch.com","+1-724-865-5782"
"Jeramie","Parker","royce.upton@yahoo.com","1-731-748-6211"
"Aletha","Larkin","reinhold.stamm@kuhlman.com","13042209299"
"Reina","Hermann","natasha76@gmail.com","341.848.9679"
"Hilda","Medhurst","lebert@yahoo.com","850.426.1908"
"Josefina","Huel","vida.schneider@gmail.com","(305) 890-7358"
"Rosario","Friesen","oliver.crona@hickle.info","530.725.1167"
"Jeffery","Bednar","claudie.rowe@hotmail.com","+1 (847) 728-1164"
"Theron","Hermiston","heaney.joanny@gmail.com","+1.513.503.2579"
"Adolphus","Kunde","fparker@lind.org","+1-831-370-1033"
"Tate","Feest","thompson.jeanne@ankunding.net","1-551-936-1364"
"Blanca","Nolan","flo.trantow@gmail.com","828-494-4410"
"Marie","Harber","heidenreich.amy@feest.com","+1.862.295.6436"
"Iva","Waelchi","thompson.madeline@jakubowski.info","1-720-345-6146"
"Ava","Mraz","harvey.michaela@buckridge.biz","(864) 982-9186"
"Dexter","Emmerich","kpfeffer@armstrong.com","+1-662-353-8719"
"Darryl","Trantow","godfrey.jerde@ondricka.net","1-862-635-6575"
"Michale","Schoen","bernhard01@hilpert.com","1-605-325-7103"
"Josephine","Skiles","pearlie.kris@hotmail.com","+1-508-606-0708"
"Zaria","O'Reilly","toby97@hotmail.com","763.649.0031"
"Damion","Rogahn","bogan.bennett@gmail.com","1-640-206-1048"
"Trey","Nikolaus","tcrist@lueilwitz.com","1-414-982-1786"
"Hadley","Kassulke","barton.chanel@powlowski.com","15342528703"
"Vladimir","Waelchi","christine41@gmail.com","+1.843.953.2894"
"Javier","Jacobs","stroman.yesenia@greenfelder.com","(845) 958-2064"
"Frederik","Waters","vwalker@yahoo.com","(703) 774-2478"
"Earline","Sipes","fay.schneider@muller.com","13643435809"
"Clair","Schumm","dulce23@gmail.com","+1.904.894.4032"
"Brian","Padberg","brakus.osborne@reichert.biz","828-646-5372"
"Nick","Nicolas","clay.walker@yahoo.com","(281) 481-1112"
"Priscilla","Balistreri","lsporer@altenwerth.info","(623) 240-6856"
"Brandt","Berge","erin.hand@yahoo.com","1-641-508-5468"
"Liana","Hammes","lherman@hotmail.com","+1-608-332-7238"
"Pattie","Lockman","tmonahan@hotmail.com","985.689.2949"
"Gerard","Lockman","daron.johnson@gmail.com","+1.680.622.8398"
"Lesly","Mayert","charity.christiansen@west.org","380.955.3561"
"Pierce","Reynolds","tamia21@goyette.net","1-662-351-5255"
"Alexandrine","Anderson","yhoppe@hotmail.com","1-740-717-0806"
"Gregg","Rutherford","hand.skyla@yahoo.com","(458) 715-9669"
"Iva","Torp","cole58@yahoo.com","1-949-901-7158"
"Eladio","Olson","violet45@graham.biz","303-497-3061"
"Etha","Hartmann","zechariah65@hotmail.com","1-662-578-7859"
"Ava","Balistreri","bhickle@hand.com","551-651-4921"
"Wilson","Gorczany","lupe.johnson@gmail.com","+1-458-557-8530"
"Brielle","Mertz","rylee83@yahoo.com","+1-424-644-7094"
"Dennis","Satterfield","storphy@hotmail.com","(520) 656-5864"
"Lina","Wintheiser","sbode@yahoo.com","443.798.8099"
"Brittany","Flatley","akling@gmail.com","415-449-6790"
"Ellie","Renner","bergstrom.scotty@kozey.com","+1-716-395-3721"
"Harmony","Sanford","hansen.madelyn@treutel.com","(463) 719-1323"
"Rozella","Baumbach","haley.lurline@jacobs.com","818.979.7797"
"Hector","Hermiston","courtney.stark@gmail.com","(573) 342-4681"
"Tyrique","Runte","maurine.stoltenberg@hotmail.com","+1-661-704-4228"
"Neha","Schaden","crooks.eli@yahoo.com","(989) 688-9214"
"Matilde","Cremin","amertz@rath.com","762-884-2024"
"Emiliano","Stokes","kgibson@rempel.info","531-401-0727"
"Maya","Nikolaus","vmiller@borer.com","480.613.9840"
"Diamond","Terry","aturner@yahoo.com","13254173706"
"Woodrow","Abshire","rmcdermott@hotmail.com","+1 (832) 200-6673"
"Ben","Lesch","hobart64@hotmail.com","478-224-1725"
"Helga","Muller","leffler.reuben@hettinger.org","(520) 224-5994"
"Hudson","Dooley","oma77@daniel.info","386-938-0875"
"Ena","Nader","wendy.ziemann@hotmail.com","+1 (928) 614-8727"
"Alan","Turcotte","hermiston.tamara@hotmail.com","(276) 780-6696"
"Jacques","Parisian","kathlyn.anderson@ziemann.biz","+1.504.746.2245"
"Aric","Wolff","patricia.emmerich@schmeler.com","+1.445.906.2029"
"Hilario","Fahey","imorissette@bartoletti.com","(786) 629-7004"
"Minerva","Gottlieb","kautzer.orland@weimann.org","+1-831-921-5907"
"Jocelyn","Pfannerstill","sonya94@ullrich.com","+1 (458) 949-0858"
"Gino","Koepp","larkin.jacynthe@mills.net","+1-901-392-5308"
"Abdul","Will","taya.larson@yahoo.com","539.675.6779"
"Ibrahim","Graham","dickens.ellsworth@casper.com","12404555332"
"Martine","Nader","nadia18@sporer.com","+1.570.914.7233"
"Chester","Rau","rkiehn@greenfelder.com","(725) 751-5833"
"Barrett","Leffler","pbrakus@rosenbaum.info","1-272-688-5428"
"Clarissa","O'Reilly","lorenz.kunde@gulgowski.com","551-676-5948"
"Antonina","Lesch","prohaska.agustina@yahoo.com","+1-321-679-1299"
"Michele","Schneider","gosinski@gmail.com","(636) 853-1548"
"Gavin","Lynch","dare.bulah@kris.com","14784017271"
"Adrianna","Wilkinson","nola45@hotmail.com","19735936002"
"Eloise","Hackett","daugherty.gregg@gmail.com","1-936-746-3644"
"Waylon","Stiedemann","lubowitz.jaden@sanford.com","(430) 389-4206"
"Evelyn","Hane","clifford.zboncak@yahoo.com","(954) 880-7848"
"Kris","Von","angelita10@hotmail.com","1-541-333-7369"
"Sydni","Buckridge","elliott62@yahoo.com","719-533-0236"
"Chris","Hane","albina.wiegand@gmail.com","+1.703.528.4486"
"Vada","Lebsack","marks.kane@spinka.com","1-754-263-5853"
"Garrett","Labadie","joshuah71@mclaughlin.org","+1-515-262-9626"
"Lera","Nitzsche","bartoletti.destany@yahoo.com","(843) 960-3837"
"Janick","Grimes","ojones@dubuque.org","(337) 779-9224"
"Clifford","Bailey","liam29@greenfelder.com","(520) 778-6411"
"Jalen","Ernser","xhermiston@yahoo.com","469-533-5286"
"Madison","Jacobson","cathryn76@kuhic.com","906-900-0089"
"Godfrey","Waters","von.damion@yahoo.com","1-657-331-6651"
"Hudson","Hansen","gabrielle.schmeler@hansen.org","336-647-8501"
"Damien","Macejkovic","qcollins@yahoo.com","13258345544"
"Tavares","Tillman","nparker@hotmail.com","+1-820-388-3776"
"Randi","Wiegand","lincoln.ernser@hotmail.com","14808630297"
"Jerrold","Ullrich","justice.feil@yahoo.com","17697905291"
"Garland","Nikolaus","mraz.meta@gmail.com","(413) 232-9795"
"Jessy","Gottlieb","gaylord.mercedes@gmail.com","(248) 558-8194"
"Finn","Schaden","hank16@harris.biz","+1-808-398-0728"
"Chauncey","Heller","beahan.abel@jaskolski.com","1-760-259-2464"
"Mike","Hettinger","etoy@bins.com","(870) 841-5649"
"Junior","Lindgren","alf05@gmail.com","660-938-6010"
"Loyal","Bahringer","spinka.theodore@reichert.com","+1.920.994.0347"
"Elvera","Miller","witting.meta@yahoo.com","+1-564-396-6599"
"Rickey","Carroll","halvorson.justus@schulist.com","(872) 393-8880"
"Rashad","Huels","mpowlowski@yahoo.com","1-425-946-2813"
"Kathleen","Runte","grady.katlynn@schneider.com","+1-480-861-4653"
"Mac","Schaden","chase05@sipes.info","+1-872-939-5602"
"Maud","Tillman","wiegand.lynn@huels.info","+1.432.915.5564"
"Shawna","Gleason","bernita25@bruen.com","19806953562"
"Monique","Morar","oda.roberts@gmail.com","+1 (952) 691-5299"
"Roberta","Wunsch","fbotsford@gmail.com","1-629-874-2363"
"Joshuah","Mosciski","marlon37@heller.biz","+1-267-695-7587"
"Rhea","Haley","nick51@yahoo.com","+1 (248) 264-0845"
"Sienna","Heidenreich","yost.lora@cole.com","14586637318"
"Kelsi","Treutel","eherzog@corkery.com","(562) 209-3561"
"Pearlie","McKenzie","shanahan.edmond@kunze.com","(440) 489-5607"
"Orlo","Schmeler","ariane99@hamill.net","270.200.6765"
"Payton","Corkery","dillan.cassin@gmail.com","(931) 782-7330"
"Kaylah","Kunze","rwisozk@gmail.com","1-801-633-0865"
"Eugenia","Hansen","rodrigo33@beier.net","+1 (215) 600-7892"
"Bryce","Walker","cory30@yahoo.com","+1 (513) 631-7344"
"Elisa","Bashirian","ehand@kilback.net","+1 (864) 582-5536"
"Etha","Stracke","jaylin.kling@gmail.com","914-563-4945"
"Wilford","McLaughlin","batz.arjun@hotmail.com","(347) 232-4692"
"Phoebe","Ortiz","retta95@stiedemann.com","(575) 568-6092"
"Penelope","Russel","hermiston.emely@ruecker.info","682-765-8808"
"Emory","Nienow","beahan.viola@hotmail.com","228-864-9051"
"Gerald","Blick","hardy79@lindgren.com","+1 (605) 371-5822"
"Dominique","Cassin","mckenzie.miller@schowalter.com","848-778-4479"
"Marcelina","Okuneva","daniel.jaclyn@kunze.com","941-830-5488"
"Gerard","Rutherford","cebert@wisozk.org","504-244-5541"
"Gilberto","Denesik","zcollier@hotmail.com","17326317867"
"Caleb","Stracke","horace54@yahoo.com","1-386-816-0147"
"Rita","Hintz","gregorio52@hayes.org","+1.283.453.4049"
"Sigmund","Cronin","king.mcglynn@hotmail.com","+1.657.926.2677"
"Arne","Murazik","dusty.fisher@gmail.com","14807888416"
"Rhea","Wiegand","macy.walsh@gmail.com","1-618-715-5131"
"Raheem","Ratke","xsawayn@ratke.info","520-907-7853"
"Isidro","Conroy","qlakin@yahoo.com","361.409.7849"
"Asia","Beer","yhudson@yahoo.com","458-898-9168"
"Alba","Reichert","ankunding.adella@yahoo.com","806-696-7007"
"Pauline","Bashirian","tabshire@hotmail.com","1-860-964-3749"
"Melisa","Tillman","wunsch.kaylah@kling.com","+1 (609) 223-2832"
"Lincoln","Volkman","haley03@boehm.com","19494799112"
"Roel","Trantow","davis.justyn@krajcik.com","231.555.1732"
"Sophie","Toy","esenger@yahoo.com","920-827-1678"
"Brad","Kautzer","eleanora82@reynolds.com","463.265.7113"
"Bernadine","Collier","estell.haag@gmail.com","1-941-930-4088"
"Maryjane","Price","rahsaan25@yahoo.com","+1-463-785-7660"
"Charles","Dibbert","wunsch.jett@hackett.biz","(719) 419-6641"
"Markus","Schowalter","gonzalo87@yahoo.com","586.830.8341"
"Kyra","Romaguera","josefa.jakubowski@bradtke.info","+1 (640) 507-8334"
"Brett","Conroy","francis.stehr@howell.com","763-547-4243"
"Daron","Goodwin","thegmann@gmail.com","+1.458.919.3089"
"Leone","Haag","garnett71@yahoo.com","323.984.0574"
"Marty","Bogisich","eddie.hayes@hotmail.com","1-810-891-2675"
"Clinton","Funk","abe99@hotmail.com","202.515.2004"
"Maia","Schumm","sonia18@kub.info","620-749-8931"
"Rene","Ernser","medhurst.ally@gmail.com","+1 (409) 394-2205"
"Renee","Satterfield","mckenzie.mack@abernathy.com","1-971-704-0781"
"Julianne","Hartmann","maxwell39@dach.com","1-838-355-2743"
"Dallin","Labadie","earlene79@rogahn.com","1-458-368-7507"
"Harrison","Rohan","gilberto.howe@koepp.com","1-870-584-6423"
"Julia","Rogahn","teagan.frami@barrows.com","+1 (747) 899-6265"
"Eduardo","Lehner","forest67@hotmail.com","(781) 814-5161"
"Una","Harvey","nthompson@hotmail.com","714-838-1034"
"Adelle","Weimann","gilbert14@spinka.com","+1 (440) 321-5482"
"Merritt","West","molly.veum@gmail.com","1-740-814-5556"
"Maximo","Lang","smonahan@hotmail.com","+1 (484) 634-8251"
"Mariela","Lubowitz","irunolfsson@nicolas.info","949.756.7099"
"Karley","Morar","raegan.yost@gmail.com","+1.414.317.5492"
"Willis","Wisozk","kaleigh.green@hotmail.com","+1 (757) 350-2474"
"Noah","Roob","abbey94@hermann.com","+1 (920) 582-0854"
"Fletcher","Schroeder","marlen.vonrueden@gmail.com","551.379.1086"
"Gudrun","Goyette","valentine38@shields.biz","331-442-8696"
"Broderick","Flatley","hilbert82@hotmail.com","952.560.5831"
"Leonora","Kulas","patience50@mertz.com","+1.386.303.6554"
"Richmond","Rodriguez","bradley36@hodkiewicz.biz","+1-585-558-1871"
"Aung","Aung","aungaung@gmail.com","097890789678"
"Aung","Aung","aungaung@gmail.com","097890789678"
"Aung","Aung","aungaung@gmail.com","097890789678"
"Aung","Aung","aungaung@gmail.com","097890789678"
